-- Delete existing records
DELETE FROM Shippings;
DELETE FROM Orders;
DELETE FROM Customers;

-- Insert into Customers table
INSERT INTO Customers (customer_id, first_name, last_name, age, country) VALUES
(1, 'John', 'Doe', 30, 'USA'),
(2, 'Jane', 'Smith', 25, 'UK'),
(3, 'Alice', 'Johnson', 28, 'Canada'),
(4, 'Bob', 'Brown', 35, 'Australia'),
(5, 'Charlie', 'Davis', 40, 'India'),
(6, 'Daniel', 'Wilson', 33, 'Germany'),
(7, 'Emma', 'Thomas', 29, 'France'),
(8, 'Frank', 'White', 42, 'Italy'),
(9, 'Grace', 'Harris', 27, 'Spain'),
(10, 'Henry', 'Martin', 31, 'Japan'),
(11, 'Ivy', 'Lee', 26, 'China'),
(12, 'Jack', 'Walker', 34, 'Brazil'),
(13, 'Katie', 'Hall', 29, 'Mexico'),
(14, 'Leo', 'Allen', 37, 'Russia'),
(15, 'Mia', 'Young', 24, 'South Africa'),
(16, 'Noah', 'Scott', 32, 'Netherlands'),
(17, 'Olivia', 'King', 28, 'Sweden'),
(18, 'Paul', 'Baker', 36, 'Norway'),
(19, 'Quinn', 'Adams', 27, 'Denmark'),
(20, 'Rachel', 'Carter', 33, 'Switzerland'),
(21, 'Sam', 'Nelson', 39, 'Finland'),
(22, 'Tina', 'Moore', 26, 'Ireland'),
(23, 'Umar', 'Lopez', 35, 'Portugal'),
(24, 'Victor', 'Perez', 29, 'Argentina'),
(25, 'Wendy', 'Evans', 31, 'Chile'),
(26, 'Xander', 'Murphy', 38, 'Greece'),
(27, 'Yasmin', 'Rivera', 30, 'Belgium'),
(28, 'Zane', 'Torres', 34, 'Austria'),
(29, 'Aaron', 'Gomez', 28, 'New Zealand'),
(30, 'Bella', 'Reed', 25, 'South Korea'),
(31, 'Caleb', 'Stewart', 40, 'Malaysia'),
(32, 'Daisy', 'Ward', 33, 'Singapore'),
(33, 'Ethan', 'Mitchell', 29, 'Thailand'),
(34, 'Fiona', 'Roberts', 27, 'Vietnam'),
(35, 'George', 'Phillips', 31, 'Philippines'),
(36, 'Hannah', 'Campbell', 35, 'Indonesia'),
(37, 'Isaac', 'Parker', 30, 'Saudi Arabia'),
(38, 'Julia', 'Collins', 26, 'UAE'),
(39, 'Kevin', 'Edwards', 32, 'Qatar'),
(40, 'Liam', 'Foster', 29, 'Egypt'),
(41, 'Megan', 'Howard', 28, 'Turkey'),
(42, 'Nathan', 'Hughes', 34, 'Pakistan'),
(43, 'Oscar', 'Sullivan', 31, 'Bangladesh'),
(44, 'Penny', 'Barnes', 27, 'Nepal'),
(45, 'Quincy', 'Ross', 39, 'Sri Lanka'),
(46, 'Rose', 'James', 25, 'Myanmar'),
(47, 'Steve', 'Morgan', 36, 'Kazakhstan'),
(48, 'Tara', 'Bell', 29, 'Iran'),
(49, 'Ulysses', 'Murphy', 30, 'Iraq'),
(50, 'Vera', 'Bailey', 28, 'Afghanistan');

-- Insert into Orders table
INSERT INTO Orders (order_id, item, amount, customer_id) VALUES
(1, 'Laptop', 1000, 11),
(2, 'Smartphone', 800, 12),
(3, 'Tablet', 500, 13),
(4, 'Headphones', 200, 14),
(5, 'Monitor', 300, 15),
(6, 'Keyboard', 50, 16),
(7, 'Mouse', 40, 17),
(8, 'Speaker', 150, 18),
(9, 'Printer', 250, 19),
(10, 'Camera', 600, 20),
(11, 'Charger', 30, 11),
(12, 'Router', 120, 12),
(13, 'Watch', 400, 13),
(14, 'Glasses', 90, 14),
(15, 'Microphone', 220, 15),
(16, 'SSD', 150, 16),
(17, 'Hard Drive', 300, 17),
(18, 'Power Bank', 70, 18),
(19, 'Earbuds', 130, 19),
(20, 'VR Headset', 500, 20);

-- Insert into Shippings table
INSERT INTO Shippings (shipping_id, status, customer) VALUES
(1, 1, 11),
(2, 0, 12),
(3, 1, 13),
(4, 1, 14),
(5, 0, 15),
(6, 1, 16),
(7, 0, 17),
(8, 1, 18),
(9, 1, 19),
(10, 0, 20),
(11, 1, 11),
(12, 0, 12),
(13, 1, 13),
(14, 0, 14),
(15, 1, 15),
(16, 1, 16),
(17, 0, 17),
(18, 1, 18),
(19, 0, 19),
(20, 1, 20);
